<?xml version='1.0' encoding='UTF-8'?>

<faces-config version="2.0"
              xmlns="http://java.sun.com/xml/ns/javaee" 
              xmlns:xsi="http://www.w3.org/2001/XMLSchema-instance" 
              xsi:schemaLocation="http://java.sun.com/xml/ns/javaee http://java.sun.com/xml/ns/javaee/web-facesconfig_2_0.xsd">

    <navigation-rule>
        <from-view-id>/login.xhtml</from-view-id>
        <navigation-case>
            <from-action>#{authBean.login}</from-action>
            <from-outcome>success</from-outcome>
            <to-view-id>/private/user/welcome.xhtml</to-view-id>
            <redirect/>
        </navigation-case>
        <navigation-case>
            <from-action>#{authBean.login}</from-action>
            <from-outcome>fail</from-outcome>
            <to-view-id>/login.xhtml</to-view-id>
            <redirect/>
        </navigation-case>
    </navigation-rule>
    <navigation-rule>
        <from-view-id>*</from-view-id>
        <navigation-case>
            <from-action>#{authBean.logout}</from-action>
            <from-outcome>success</from-outcome>
            <to-view-id>/index.xhtml</to-view-id>
            <redirect/>
        </navigation-case>
    </navigation-rule>

</faces-config>
